전월세구분,dong,도로명,시군구,번지,도로조건,계약면적(㎡),계약년월,계약일,보증금(만원),월세(만원),건축년도,address
월세,고랑동,여산로,1,1,1,1,1,1,1,1,1,1
월세,고랑동,쪽구름5길,1,1,1,1,1,1,1,1,1,1
월세,금암동,거북바우3길,1,1,1,1,1,1,1,1,0,1
월세,금암동,거북바우로,1,1,1,1,1,1,1,1,1,1
월세,금암동,건산로,1,1,1,1,1,1,1,1,0,1
월세,금암동,건지1길,2,2,2,2,2,2,2,2,2,2
월세,금암동,건지2길,3,3,3,3,3,3,3,3,2,3
월세,금암동,건지로,4,4,4,4,4,4,4,4,4,4
월세,금암동,권삼득로,39,39,39,39,39,39,39,39,31,39
월세,금암동,금암1길,7,7,7,7,7,7,7,7,5,7
월세,금암동,금암2길,5,5,5,5,5,5,5,5,4,5
월세,금암동,금암3길,15,15,15,15,15,15,15,15,15,15
월세,금암동,금암4길,8,8,8,8,8,8,8,8,7,8
월세,금암동,금암5길,14,14,14,14,14,14,14,14,9,14
월세,금암동,금암6길,4,4,4,4,4,4,4,4,3,4
월세,금암동,기린대로,24,24,24,24,24,24,24,24,15,24
월세,금암동,떡전1길,6,6,6,6,6,6,6,6,0,6
월세,금암동,떡전3길,7,7,7,7,7,7,7,7,7,7
월세,금암동,떡전4길,17,17,17,17,17,17,17,17,8,17
월세,금암동,떡전5길,2,2,2,2,2,2,2,2,2,2
월세,금암동,떡전로,6,6,6,6,6,6,6,6,6,6
월세,금암동,매봉11길,1,1,1,1,1,1,1,1,1,1
월세,금암동,매봉15길,2,2,2,2,2,2,2,2,2,2
월세,금암동,매봉16길,3,3,3,3,3,3,3,3,2,3
월세,금암동,매봉1길,18,18,18,18,18,18,18,18,18,18
월세,금암동,매봉2길,3,3,3,3,3,3,3,3,3,3
월세,금암동,매봉3길,2,2,2,2,2,2,2,2,2,2
월세,금암동,매봉4길,1,1,1,1,1,1,1,1,0,1
월세,금암동,매봉6길,5,5,5,5,5,5,5,5,4,5
월세,금암동,매봉7길,1,1,1,1,1,1,1,1,1,1
월세,금암동,매봉8길,2,2,2,2,2,2,2,2,1,2
월세,금암동,매봉로,1,1,1,1,1,1,1,1,1,1
월세,금암동,명륜1길,5,5,5,5,5,5,5,5,1,5
월세,금암동,명륜2길,2,2,2,2,2,2,2,2,2,2
월세,금암동,모래내1길,7,7,7,7,7,7,7,7,7,7
월세,금암동,모래내2길,1,1,1,1,1,1,1,1,1,1
월세,금암동,모래내3길,1,1,1,1,1,1,1,1,1,1
월세,금암동,모래내5길,1,1,1,1,1,1,1,1,1,1
월세,금암동,모래내8길,1,1,1,1,1,1,1,1,1,1
월세,금암동,백제대로,6,6,6,6,6,6,6,6,6,6
월세,금암동,삼송1길,8,8,8,8,8,8,8,8,8,8
월세,금암동,삼송2길,1,1,1,1,1,1,1,1,1,1
월세,금암동,삼송3길,2,2,2,2,2,2,2,2,2,2
월세,금암동,삼송5길,5,5,5,5,5,5,5,5,4,5
월세,금암동,용산1길,4,4,4,4,4,4,4,4,4,4
월세,금암동,용산3길,1,1,1,1,1,1,1,1,1,1
월세,금암동,전주천동로,1,1,1,1,1,1,1,1,1,1
월세,금암동,조경단로,6,6,6,6,6,6,6,6,6,6
월세,금암동,태진로,1,1,1,1,1,1,1,1,1,1
월세,금암동,팔달로,2,2,2,2,2,2,2,2,1,2
월세,덕진동1가,가리내로,1,1,1,1,1,1,1,1,0,1
월세,덕진동1가,권삼득로,3,3,3,3,3,3,3,3,2,3
월세,덕진동1가,기린대로,1,1,1,1,1,1,1,1,0,1
월세,덕진동1가,덕진광장로,2,2,2,2,2,2,2,2,2,2
월세,덕진동1가,덕진연못1길,3,3,3,3,3,3,3,3,3,3
월세,덕진동1가,들사평1길,10,10,10,10,10,10,10,10,7,10
월세,덕진동1가,들사평2길,13,13,13,13,13,13,13,13,13,13
월세,덕진동1가,들사평3길,15,15,15,15,15,15,15,15,14,15
월세,덕진동1가,들사평4길,12,12,12,12,12,12,12,12,12,12
월세,덕진동1가,들사평5길,4,4,4,4,4,4,4,4,3,4
월세,덕진동1가,들사평로,4,4,4,4,4,4,4,4,4,4
월세,덕진동1가,들사평서로,4,4,4,4,4,4,4,4,4,4
월세,덕진동1가,떡전1길,1,1,1,1,1,1,1,1,1,1
월세,덕진동1가,떡전2길,3,3,3,3,3,3,3,3,3,3
월세,덕진동1가,떡전로,2,2,2,2,2,2,2,2,1,2
월세,덕진동1가,명륜2길,3,3,3,3,3,3,3,3,3,3
월세,덕진동1가,명륜4길,1,1,1,1,1,1,1,1,1,1
월세,덕진동1가,명륜5길,2,2,2,2,2,2,2,2,1,2
월세,덕진동1가,사평1길,3,3,3,3,3,3,3,3,3,3
월세,덕진동1가,사평3길,4,4,4,4,4,4,4,4,3,4
월세,덕진동1가,사평로,1,1,1,1,1,1,1,1,1,1
월세,덕진동2가,가련산로,1,1,1,1,1,1,1,1,1,1
월세,덕진동2가,가리내10길,4,4,4,4,4,4,4,4,4,4
월세,덕진동2가,가리내1길,6,6,6,6,6,6,6,6,5,6
월세,덕진동2가,가리내2길,14,14,14,14,14,14,14,14,13,14
월세,덕진동2가,가리내3길,26,26,26,26,26,26,26,26,23,26
월세,덕진동2가,가리내4길,3,3,3,3,3,3,3,3,3,3
월세,덕진동2가,가리내5길,11,11,11,11,11,11,11,11,11,11
월세,덕진동2가,가리내6길,24,24,24,24,24,24,24,24,22,24
월세,덕진동2가,가리내7길,3,3,3,3,3,3,3,3,3,3
월세,덕진동2가,가리내8길,24,24,24,24,24,24,24,24,21,24
월세,덕진동2가,가리내9길,5,5,5,5,5,5,5,5,4,5
월세,덕진동2가,경동로,1,1,1,1,1,1,1,1,1,1
월세,덕진동2가,권삼득로,4,4,4,4,4,4,4,4,4,4
월세,덕진동2가,기린대로,5,5,5,5,5,5,5,5,3,5
월세,덕진동2가,하가1길,4,4,4,4,4,4,4,4,4,4
월세,덕진동2가,하가3길,2,2,2,2,2,2,2,2,2,2
월세,덕진동2가,하가로,11,11,11,11,11,11,11,11,10,11
월세,덕진동2가,호반2길,4,4,4,4,4,4,4,4,4,4
월세,덕진동2가,호반4길,1,1,1,1,1,1,1,1,0,1
월세,덕진동2가,호반5길,6,6,6,6,6,6,6,6,3,6
월세,덕진동2가,호반6길,15,15,15,15,15,15,15,15,12,15
월세,덕진동2가,호반7길,2,2,2,2,2,2,2,2,2,2
월세,덕진동2가,호반8길,6,6,6,6,6,6,6,6,5,6
월세,만성동,두현길,14,14,14,14,14,14,14,14,14,14
월세,만성동,만성남2길,6,6,6,6,6,6,6,6,5,6
월세,만성동,만성남5길,2,2,2,2,2,2,2,2,2,2
월세,만성동,만성남6길,1,1,1,1,1,1,1,1,1,1
월세,만성동,만성남7길,2,2,2,2,2,2,2,2,2,2
월세,만성동,만성남8길,1,1,1,1,1,1,1,1,1,1
월세,만성동,만성남9길,2,2,2,2,2,2,2,2,2,2
월세,만성동,만성남로,1,1,1,1,1,1,1,1,1,1
월세,만성동,만성로,1,1,1,1,1,1,1,1,1,1
월세,만성동,만성북1길,6,6,6,6,6,6,6,6,5,6
월세,만성동,만성북2길,4,4,4,4,4,4,4,4,4,4
월세,만성동,만성북3길,1,1,1,1,1,1,1,1,0,1
월세,만성동,만성북로,1,1,1,1,1,1,1,1,0,1
월세,만성동,만성중앙로,2,2,2,2,2,2,2,2,2,2
월세,만성동,월방1길,3,3,3,3,3,3,3,3,3,3
월세,만성동,월방2길,1,1,1,1,1,1,1,1,1,1
월세,만성동,월방3길,7,7,7,7,7,7,7,7,6,7
월세,만성동,월방5길,1,1,1,1,1,1,1,1,1,1
월세,만성동,월방6길,3,3,3,3,3,3,3,3,2,3
월세,만성동,월방7길,2,2,2,2,2,2,2,2,2,2
월세,만성동,월방8길,4,4,4,4,4,4,4,4,4,4
월세,반월동,반월4길,1,1,1,1,1,1,1,1,1,1
월세,산정동,건산로,3,3,3,3,3,3,3,3,3,3
월세,산정동,산정2길,3,3,3,3,3,3,3,3,3,3
월세,산정동,아중천1길,1,1,1,1,1,1,1,1,0,1
월세,산정동,아중천2길,11,11,11,11,11,11,11,11,6,11
월세,송천동1가,두간11길,1,1,1,1,1,1,1,1,1,1
월세,송천동1가,두간3길,1,1,1,1,1,1,1,1,1,1
월세,송천동1가,두간9길,1,1,1,1,1,1,1,1,1,1
월세,송천동1가,사근1길,1,1,1,1,1,1,1,1,1,1
월세,송천동1가,솔내1길,22,22,22,22,22,22,22,22,14,22
월세,송천동1가,솔내2길,13,13,13,13,13,13,13,13,12,13
월세,송천동1가,솔내3길,1,1,1,1,1,1,1,1,1,1
월세,송천동1가,솔내4길,5,5,5,5,5,5,5,5,5,5
월세,송천동1가,솔내5길,12,12,12,12,12,12,12,12,11,12
월세,송천동1가,솔내6길,4,4,4,4,4,4,4,4,4,4
월세,송천동1가,솔내7길,5,5,5,5,5,5,5,5,5,5
월세,송천동1가,솔내8길,14,14,14,14,14,14,14,14,11,14
월세,송천동1가,솔내9길,14,14,14,14,14,14,14,14,12,14
월세,송천동1가,송천1길,3,3,3,3,3,3,3,3,2,3
월세,송천동1가,송천2길,1,1,1,1,1,1,1,1,1,1
월세,송천동1가,송천3길,7,7,7,7,7,7,7,7,7,7
월세,송천동1가,송천4길,2,2,2,2,2,2,2,2,2,2
월세,송천동1가,송천로,20,20,20,20,20,20,20,20,19,20
월세,송천동1가,송천중앙로,4,4,4,4,4,4,4,4,4,4
월세,송천동1가,시천로,8,8,8,8,8,8,8,8,7,8
월세,송천동1가,오송1길,3,3,3,3,3,3,3,3,3,3
월세,송천동1가,천마산로,6,6,6,6,6,6,6,6,5,6
월세,송천동2가,동부대로,1,1,1,1,1,1,1,1,1,1
월세,송천동2가,붓내1길,6,6,6,6,6,6,6,6,5,6
월세,송천동2가,붓내2길,2,2,2,2,2,2,2,2,2,2
월세,송천동2가,붓내3길,3,3,3,3,3,3,3,3,3,3
월세,송천동2가,붓내4길,6,6,6,6,6,6,6,6,6,6
월세,송천동2가,붓내5길,4,4,4,4,4,4,4,4,4,4
월세,송천동2가,사근1길,4,4,4,4,4,4,4,4,4,4
월세,송천동2가,솔내로,4,4,4,4,4,4,4,4,4,4
월세,송천동2가,와룡1길,2,2,2,2,2,2,2,2,0,2
월세,송천동2가,와룡로,2,2,2,2,2,2,2,2,2,2
월세,송천동2가,천마산로,10,10,10,10,10,10,10,10,10,10
월세,여의동,여암1길,3,3,3,3,3,3,3,3,3,3
월세,여의동,여암2길,3,3,3,3,3,3,3,3,3,3
월세,여의동,용정길,2,2,2,2,2,2,2,2,2,2
월세,여의동2가,덕용1길,7,7,7,7,7,7,7,7,6,7
월세,여의동2가,덕용2길,2,2,2,2,2,2,2,2,1,2
월세,여의동2가,덕용4길,7,7,7,7,7,7,7,7,5,7
월세,여의동2가,쪽구름1길,2,2,2,2,2,2,2,2,2,2
월세,여의동2가,쪽구름2길,1,1,1,1,1,1,1,1,1,1
월세,여의동2가,쪽구름3길,3,3,3,3,3,3,3,3,3,3
월세,여의동2가,쪽구름5길,1,1,1,1,1,1,1,1,1,1
월세,여의동2가,쪽구름로,8,8,8,8,8,8,8,8,8,8
월세,여의동2가,편운로,1,1,1,1,1,1,1,1,1,1
월세,용정동,서당안길,1,1,1,1,1,1,1,1,0,1
월세,우아동1가,아중로,4,4,4,4,4,4,4,4,2,4
월세,우아동1가,인교1길,4,4,4,4,4,4,4,4,4,4
월세,우아동1가,인교2길,2,2,2,2,2,2,2,2,2,2
월세,우아동1가,인교3길,15,15,15,15,15,15,15,15,6,15
월세,우아동1가,인교4길,13,13,13,13,13,13,13,13,8,13
월세,우아동1가,인교5길,5,5,5,5,5,5,5,5,4,5
월세,우아동1가,인교6길,10,10,10,10,10,10,10,10,5,10
월세,우아동1가,인교7길,5,5,5,5,5,5,5,5,3,5
월세,우아동1가,인교8길,8,8,8,8,8,8,8,8,6,8
월세,우아동1가,인교9길,12,12,12,12,12,12,12,12,8,12
월세,우아동1가,인교로,13,13,13,13,13,13,13,13,10,13
월세,우아동1가,한배미로,3,3,3,3,3,3,3,3,1,3
월세,우아동2가,석소1길,5,5,5,5,5,5,5,5,4,5
월세,우아동2가,석소2길,9,9,9,9,9,9,9,9,5,9
월세,우아동2가,석소3길,16,16,16,16,16,16,16,16,15,16
월세,우아동2가,석소4길,3,3,3,3,3,3,3,3,0,3
월세,우아동2가,석소5길,8,8,8,8,8,8,8,8,7,8
월세,우아동2가,석소로,4,4,4,4,4,4,4,4,4,4
월세,우아동2가,아중1길,10,10,10,10,10,10,10,10,7,10
월세,우아동2가,아중3길,11,11,11,11,11,11,11,11,5,11
월세,우아동2가,아중6길,7,7,7,7,7,7,7,7,4,7
월세,우아동2가,아중7길,7,7,7,7,7,7,7,7,6,7
월세,우아동2가,아중중앙로,10,10,10,10,10,10,10,10,4,10
월세,우아동2가,정언신로,5,5,5,5,5,5,5,5,4,5
월세,우아동2가,중상보로,8,8,8,8,8,8,8,8,7,8
월세,우아동2가,진버들6길,35,35,35,35,35,35,35,35,34,35
월세,우아동2가,진버들7길,1,1,1,1,1,1,1,1,0,1
월세,우아동3가,도당산2길,2,2,2,2,2,2,2,2,2,2
월세,우아동3가,도당산3길,2,2,2,2,2,2,2,2,1,2
월세,우아동3가,도당산4길,20,20,20,20,20,20,20,20,16,20
월세,우아동3가,도당산로,6,6,6,6,6,6,6,6,6,6
월세,우아동3가,동부대로,2,2,2,2,2,2,2,2,2,2
월세,우아동3가,신기1길,1,1,1,1,1,1,1,1,1,1
월세,우아동3가,안골5길,3,3,3,3,3,3,3,3,3,3
월세,우아동3가,안골6길,2,2,2,2,2,2,2,2,1,2
월세,우아동3가,안덕원1길,1,1,1,1,1,1,1,1,0,1
월세,우아동3가,안덕원2길,1,1,1,1,1,1,1,1,1,1
월세,우아동3가,우아10길,7,7,7,7,7,7,7,7,5,7
월세,우아동3가,우아1길,9,9,9,9,9,9,9,9,3,9
월세,우아동3가,우아2길,5,5,5,5,5,5,5,5,2,5
월세,우아동3가,우아3길,13,13,13,13,13,13,13,13,9,13
월세,우아동3가,우아4길,3,3,3,3,3,3,3,3,3,3
월세,우아동3가,우아6길,3,3,3,3,3,3,3,3,3,3
월세,우아동3가,우아7길,5,5,5,5,5,5,5,5,5,5
월세,우아동3가,우아8길,1,1,1,1,1,1,1,1,1,1
월세,우아동3가,호성1길,4,4,4,4,4,4,4,4,4,4
월세,우아동3가,호성로,1,1,1,1,1,1,1,1,0,1
월세,인후동1가,가재미1길,7,7,7,7,7,7,7,7,5,7
월세,인후동1가,가재미2길,7,7,7,7,7,7,7,7,5,7
월세,인후동1가,가재미3길,10,10,10,10,10,10,10,10,6,10
월세,인후동1가,가재미4길,5,5,5,5,5,5,5,5,5,5
월세,인후동1가,가재미5길,9,9,9,9,9,9,9,9,8,9
월세,인후동1가,가재미6길,5,5,5,5,5,5,5,5,5,5
월세,인후동1가,가재미로,30,30,30,30,30,30,30,30,26,30
월세,인후동1가,건산로,6,6,6,6,6,6,6,6,5,6
월세,인후동1가,견훤로,16,16,16,16,16,16,16,16,11,16
월세,인후동1가,견훤왕궁로,4,4,4,4,4,4,4,4,3,4
월세,인후동1가,구총목로,6,6,6,6,6,6,6,6,4,6
월세,인후동1가,동가재미1길,7,7,7,7,7,7,7,7,5,7
월세,인후동1가,동가재미2길,21,21,21,21,21,21,21,21,18,21
월세,인후동1가,동가재미3길,14,14,14,14,14,14,14,14,8,14
월세,인후동1가,무삼지1길,3,3,3,3,3,3,3,3,3,3
월세,인후동1가,무삼지2길,17,17,17,17,17,17,17,17,16,17
월세,인후동1가,무삼지3길,12,12,12,12,12,12,12,12,7,12
월세,인후동1가,무삼지4길,12,12,12,12,12,12,12,12,11,12
월세,인후동1가,무삼지5길,5,5,5,5,5,5,5,5,5,5
월세,인후동1가,무삼지6길,5,5,5,5,5,5,5,5,5,5
월세,인후동1가,물왕멀로,2,2,2,2,2,2,2,2,2,2
월세,인후동1가,반태산3길,1,1,1,1,1,1,1,1,1,1
월세,인후동1가,반태산4길,1,1,1,1,1,1,1,1,1,1
월세,인후동1가,반태산5길,1,1,1,1,1,1,1,1,1,1
월세,인후동1가,서가재미1길,20,20,20,20,20,20,20,20,15,20
월세,인후동1가,서가재미2길,21,21,21,21,21,21,21,21,16,21
월세,인후동1가,서가재미3길,10,10,10,10,10,10,10,10,10,10
월세,인후동1가,석소로,7,7,7,7,7,7,7,7,5,7
월세,인후동1가,심방죽2길,2,2,2,2,2,2,2,2,0,2
월세,인후동1가,심방죽4길,1,1,1,1,1,1,1,1,1,1
월세,인후동1가,심방죽7길,2,2,2,2,2,2,2,2,2,2
월세,인후동1가,심방죽로,1,1,1,1,1,1,1,1,0,1
월세,인후동1가,아중로,3,3,3,3,3,3,3,3,2,3
월세,인후동1가,안골1길,6,6,6,6,6,6,6,6,3,6
월세,인후동1가,안골2길,4,4,4,4,4,4,4,4,2,4
월세,인후동1가,안골3길,5,5,5,5,5,5,5,5,5,5
월세,인후동1가,안골4길,4,4,4,4,4,4,4,4,4,4
월세,인후동1가,안덕원로,4,4,4,4,4,4,4,4,2,4
월세,인후동1가,인봉3길,5,5,5,5,5,5,5,5,3,5
월세,인후동1가,인후1길,1,1,1,1,1,1,1,1,1,1
월세,인후동1가,인후2길,1,1,1,1,1,1,1,1,1,1
월세,인후동1가,인후3길,5,5,5,5,5,5,5,5,4,5
월세,인후동1가,인후4길,1,1,1,1,1,1,1,1,1,1
월세,인후동1가,인후5길,5,5,5,5,5,5,5,5,4,5
월세,인후동1가,인후6길,4,4,4,4,4,4,4,4,4,4
월세,인후동1가,작은모래내4길,1,1,1,1,1,1,1,1,0,1
월세,인후동1가,정언신로,6,6,6,6,6,6,6,6,5,6
월세,인후동1가,진버들1길,4,4,4,4,4,4,4,4,3,4
월세,인후동1가,진버들2길,2,2,2,2,2,2,2,2,1,2
월세,인후동1가,진버들3길,1,1,1,1,1,1,1,1,1,1
월세,인후동1가,진버들4길,4,4,4,4,4,4,4,4,1,4
월세,인후동1가,팽나무1길,4,4,4,4,4,4,4,4,3,4
월세,인후동1가,팽나무2길,1,1,1,1,1,1,1,1,1,1
월세,인후동1가,팽나무3길,12,12,12,12,12,12,12,12,10,12
월세,인후동1가,팽나무4길,12,12,12,12,12,12,12,12,10,12
월세,인후동1가,팽나무5길,3,3,3,3,3,3,3,3,3,3
월세,인후동1가,팽나무6길,24,24,24,24,24,24,24,24,7,24
월세,인후동1가,한배미1길,12,12,12,12,12,12,12,12,10,12
월세,인후동1가,한배미2길,2,2,2,2,2,2,2,2,2,2
월세,인후동1가,한배미3길,8,8,8,8,8,8,8,8,6,8
월세,인후동1가,한배미4길,17,17,17,17,17,17,17,17,14,17
월세,인후동1가,한배미5길,19,19,19,19,19,19,19,19,14,19
월세,인후동1가,한배미6길,11,11,11,11,11,11,11,11,9,11
월세,인후동1가,한배미로,4,4,4,4,4,4,4,4,4,4
월세,인후동2가,거북바우로,10,10,10,10,10,10,10,10,10,10
월세,인후동2가,건지3길,4,4,4,4,4,4,4,4,3,4
월세,인후동2가,건지4길,9,9,9,9,9,9,9,9,7,9
월세,인후동2가,견훤왕궁로,5,5,5,5,5,5,5,5,5,5
월세,인후동2가,명주1길,10,10,10,10,10,10,10,10,7,10
월세,인후동2가,명주2길,11,11,11,11,11,11,11,11,7,11
월세,인후동2가,명주3길,3,3,3,3,3,3,3,3,2,3
월세,인후동2가,명주5길,2,2,2,2,2,2,2,2,2,2
월세,인후동2가,명주6길,4,4,4,4,4,4,4,4,4,4
월세,인후동2가,모래내6길,2,2,2,2,2,2,2,2,2,2
월세,인후동2가,모래내7길,1,1,1,1,1,1,1,1,1,1
월세,인후동2가,백동1길,1,1,1,1,1,1,1,1,1,1
월세,인후동2가,백동5길,1,1,1,1,1,1,1,1,0,1
월세,인후동2가,백동6길,4,4,4,4,4,4,4,4,3,4
월세,인후동2가,백동로,3,3,3,3,3,3,3,3,3,3
월세,인후동2가,심방죽3길,3,3,3,3,3,3,3,3,3,3
월세,인후동2가,심방죽6길,1,1,1,1,1,1,1,1,1,1
월세,인후동2가,심방죽로,2,2,2,2,2,2,2,2,1,2
월세,인후동2가,안덕원로,1,1,1,1,1,1,1,1,1,1
월세,인후동2가,작은모래내1길,1,1,1,1,1,1,1,1,1,1
월세,장동,원장동길,1,1,1,1,1,1,1,1,1,1
월세,장동,틀못2길,2,2,2,2,2,2,2,2,2,2
월세,전미동2가,전미월평4길,1,1,1,1,1,1,1,1,1,1
월세,중동,오정1길,11,11,11,11,11,11,11,11,9,11
월세,중동,오정2길,4,4,4,4,4,4,4,4,4,4
월세,진북동,건산1길,1,1,1,1,1,1,1,1,0,1
월세,진북동,건산2길,1,1,1,1,1,1,1,1,1,1
월세,진북동,건산3길,3,3,3,3,3,3,3,3,3,3
월세,진북동,건산4길,5,5,5,5,5,5,5,5,5,5
월세,진북동,건산로,2,2,2,2,2,2,2,2,2,2
월세,진북동,공북1길,5,5,5,5,5,5,5,5,5,5
월세,진북동,공북5길,1,1,1,1,1,1,1,1,0,1
월세,진북동,공북로,1,1,1,1,1,1,1,1,1,1
월세,진북동,권삼득로,3,3,3,3,3,3,3,3,2,3
월세,진북동,반촌1길,1,1,1,1,1,1,1,1,1,1
월세,진북동,반촌5길,1,1,1,1,1,1,1,1,0,1
월세,진북동,반촌8길,1,1,1,1,1,1,1,1,1,1
월세,진북동,반촌로,3,3,3,3,3,3,3,3,2,3
월세,진북동,벚꽃3길,8,8,8,8,8,8,8,8,5,8
월세,진북동,벚꽃로,2,2,2,2,2,2,2,2,2,2
월세,진북동,숲정이1길,3,3,3,3,3,3,3,3,3,3
월세,진북동,숲정이2길,12,12,12,12,12,12,12,12,11,12
월세,진북동,숲정이3길,2,2,2,2,2,2,2,2,2,2
월세,진북동,숲정이4길,1,1,1,1,1,1,1,1,1,1
월세,진북동,숲정이5길,1,1,1,1,1,1,1,1,1,1
월세,진북동,숲정이로,1,1,1,1,1,1,1,1,1,1
월세,진북동,전주천동로,1,1,1,1,1,1,1,1,1,1
월세,진북동,전주천서로,1,1,1,1,1,1,1,1,0,1
월세,진북동,진북2길,1,1,1,1,1,1,1,1,1,1
월세,진북동,태진로,2,2,2,2,2,2,2,2,2,2
월세,진북동,팔달로,2,2,2,2,2,2,2,2,1,2
월세,팔복동1가,신복3길,3,3,3,3,3,3,3,3,3,3
월세,팔복동1가,신복5길,3,3,3,3,3,3,3,3,3,3
월세,팔복동1가,신복6길,1,1,1,1,1,1,1,1,1,1
월세,팔복동2가,추천4길,3,3,3,3,3,3,3,3,3,3
월세,팔복동2가,추천5길,1,1,1,1,1,1,1,1,1,1
월세,팔복동2가,팔복7길,1,1,1,1,1,1,1,1,1,1
월세,호성동1가,초포다리로,1,1,1,1,1,1,1,1,1,1
월세,호성동1가,호성3길,2,2,2,2,2,2,2,2,2,2
월세,호성동2가,한사월길,1,1,1,1,1,1,1,1,1,1
전세,고랑동,여산로,7,7,7,7,7,7,6,7,7,7
전세,고랑동,쪽구름5길,2,2,2,2,2,2,2,2,1,2
전세,금암동,거북바우3길,5,5,5,5,5,5,5,5,2,5
전세,금암동,건지2길,5,5,5,5,5,5,5,5,5,5
전세,금암동,건지3길,2,2,2,2,2,2,2,2,2,2
전세,금암동,건지로,1,1,1,1,1,1,1,1,1,1
전세,금암동,권삼득로,29,29,29,29,29,29,29,29,27,29
전세,금암동,금암1길,12,12,12,12,12,12,12,12,8,12
전세,금암동,금암2길,3,3,3,3,3,3,3,3,3,3
전세,금암동,금암3길,11,11,11,11,11,11,11,11,5,11
전세,금암동,금암4길,6,6,6,6,6,6,6,6,4,6
전세,금암동,금암5길,27,27,27,27,27,27,27,27,18,27
전세,금암동,금암6길,7,7,7,7,7,7,7,7,7,7
전세,금암동,기린대로,21,21,21,21,21,21,21,21,3,21
전세,금암동,떡전1길,1,1,1,1,1,1,1,1,1,1
전세,금암동,떡전3길,3,3,3,3,3,3,3,3,3,3
전세,금암동,떡전4길,16,16,16,16,16,16,16,16,8,16
전세,금암동,떡전5길,2,2,2,2,2,2,2,2,2,2
전세,금암동,떡전로,3,3,3,3,3,3,3,3,2,3
전세,금암동,매봉12길,1,1,1,1,1,1,1,1,1,1
전세,금암동,매봉15길,2,2,2,2,2,2,2,2,2,2
전세,금암동,매봉1길,12,12,12,12,12,12,12,12,12,12
전세,금암동,매봉2길,9,9,9,9,9,9,9,9,9,9
전세,금암동,매봉3길,5,5,5,5,5,5,5,5,2,5
전세,금암동,매봉4길,4,4,4,4,4,4,4,4,4,4
전세,금암동,매봉5길,3,3,3,3,3,3,3,3,2,3
전세,금암동,매봉6길,9,9,9,9,9,9,9,9,9,9
전세,금암동,매봉7길,5,5,5,5,5,5,5,5,4,5
전세,금암동,매봉8길,3,3,3,3,3,3,3,3,2,3
전세,금암동,명륜1길,2,2,2,2,2,2,2,2,1,2
전세,금암동,모래내2길,1,1,1,1,1,1,1,1,1,1
전세,금암동,모래내9길,1,1,1,1,1,1,1,1,1,1
전세,금암동,백제대로,13,13,13,13,13,13,13,13,10,13
전세,금암동,삼송1길,5,5,5,5,5,5,5,5,5,5
전세,금암동,삼송3길,3,3,3,3,3,3,3,3,0,3
전세,금암동,삼송5길,5,5,5,5,5,5,5,5,5,5
전세,금암동,용산2길,1,1,1,1,1,1,1,1,0,1
전세,금암동,전주천동로,2,2,2,2,2,2,2,2,2,2
전세,금암동,조경단로,5,5,5,5,5,5,5,5,3,5
전세,금암동,태진로,1,1,1,1,1,1,1,1,0,1
전세,금암동,팔달로,5,5,5,5,5,5,5,5,5,5
전세,덕진동1가,가리내로,1,1,1,1,1,1,1,1,0,1
전세,덕진동1가,권삼득로,4,4,4,4,4,4,4,4,4,4
전세,덕진동1가,기린대로,2,2,2,2,2,2,2,2,0,2
전세,덕진동1가,덕진연못1길,3,3,3,3,3,3,3,3,2,3
전세,덕진동1가,덕진연못3길,1,1,1,1,1,1,1,1,1,1
전세,덕진동1가,들사평1길,12,12,12,12,12,12,12,12,9,12
전세,덕진동1가,들사평2길,8,8,8,8,8,8,8,8,8,8
전세,덕진동1가,들사평3길,11,11,11,11,11,11,11,11,10,11
전세,덕진동1가,들사평4길,1,1,1,1,1,1,1,1,1,1
전세,덕진동1가,들사평5길,1,1,1,1,1,1,1,1,0,1
전세,덕진동1가,들사평로,3,3,3,3,3,3,3,3,2,3
전세,덕진동1가,들사평서로,3,3,3,3,3,3,3,3,3,3
전세,덕진동1가,떡전1길,1,1,1,1,1,1,1,1,1,1
전세,덕진동1가,떡전2길,2,2,2,2,2,2,2,2,2,2
전세,덕진동1가,떡전로,1,1,1,1,1,1,1,1,1,1
전세,덕진동1가,명륜4길,1,1,1,1,1,1,1,1,1,1
전세,덕진동1가,명륜5길,2,2,2,2,2,2,2,2,1,2
전세,덕진동1가,사평3길,4,4,4,4,4,4,4,4,3,4
전세,덕진동1가,사평로,2,2,2,2,2,2,2,2,2,2
전세,덕진동2가,가련산로,5,5,5,5,5,5,5,5,5,5
전세,덕진동2가,가리내10길,9,9,9,9,9,9,9,9,9,9
전세,덕진동2가,가리내1길,8,8,8,8,8,8,8,8,6,8
전세,덕진동2가,가리내2길,8,8,8,8,8,8,8,8,7,8
전세,덕진동2가,가리내3길,16,16,16,16,16,16,16,16,12,16
전세,덕진동2가,가리내5길,4,4,4,4,4,4,4,4,4,4
전세,덕진동2가,가리내6길,16,16,16,16,16,16,16,16,16,16
전세,덕진동2가,가리내7길,1,1,1,1,1,1,1,1,1,1
전세,덕진동2가,가리내8길,16,16,16,16,16,16,16,16,16,16
전세,덕진동2가,가리내9길,4,4,4,4,4,4,4,4,2,4
전세,덕진동2가,경동로,1,1,1,1,1,1,1,1,1,1
전세,덕진동2가,권삼득로,2,2,2,2,2,2,2,2,2,2
전세,덕진동2가,기린대로,2,2,2,2,2,2,2,2,2,2
전세,덕진동2가,하가1길,7,7,7,7,7,7,7,7,6,7
전세,덕진동2가,하가2길,4,4,4,4,4,4,4,4,2,4
전세,덕진동2가,하가4길,1,1,1,1,1,1,1,1,1,1
전세,덕진동2가,하가로,7,7,7,7,7,7,7,7,7,7
전세,덕진동2가,호반1길,1,1,1,1,1,1,1,1,0,1
전세,덕진동2가,호반2길,4,4,4,4,4,4,4,4,4,4
전세,덕진동2가,호반3길,1,1,1,1,1,1,1,1,0,1
전세,덕진동2가,호반4길,4,4,4,4,4,4,4,4,4,4
전세,덕진동2가,호반5길,15,15,15,15,15,15,15,15,13,15
전세,덕진동2가,호반6길,10,10,10,10,10,10,10,10,8,10
전세,덕진동2가,호반8길,10,10,10,10,10,10,10,10,9,10
전세,만성동,두현길,27,27,27,27,27,27,27,27,26,27
전세,만성동,만성남1길,4,4,4,4,4,4,4,4,3,4
전세,만성동,만성남2길,3,3,3,3,3,3,3,3,3,3
전세,만성동,만성남4길,5,5,5,5,5,5,5,5,5,5
전세,만성동,만성남5길,1,1,1,1,1,1,1,1,1,1
전세,만성동,만성남7길,1,1,1,1,1,1,1,1,1,1
전세,만성동,만성남8길,2,2,2,2,2,2,2,2,2,2
전세,만성동,만성남로,3,3,3,3,3,3,3,3,3,3
전세,만성동,만성로,5,5,5,5,5,5,5,5,4,5
전세,만성동,만성북1길,7,7,7,7,7,7,7,7,7,7
전세,만성동,만성북2길,5,5,5,5,5,5,5,5,5,5
전세,만성동,만성북3길,3,3,3,3,3,3,3,3,3,3
전세,만성동,만성북4길,3,3,3,3,3,3,3,3,3,3
전세,만성동,만성용흥길,1,1,1,1,1,1,1,1,1,1
전세,만성동,만성중앙로,4,4,4,4,4,4,4,4,4,4
전세,만성동,월방1길,8,8,8,8,8,8,8,8,7,8
전세,만성동,월방2길,3,3,3,3,3,3,3,3,3,3
전세,만성동,월방3길,2,2,2,2,2,2,2,2,2,2
전세,만성동,월방4길,2,2,2,2,2,2,2,2,2,2
전세,만성동,월방5길,2,2,2,2,2,2,2,2,2,2
전세,만성동,월방6길,2,2,2,2,2,2,2,2,2,2
전세,만성동,월방7길,3,3,3,3,3,3,3,3,3,3
전세,만성동,월방8길,6,6,6,6,6,6,6,6,6,6
전세,반월동,실리2길,1,1,1,1,1,1,1,1,1,1
전세,산정동,건산로,3,3,3,3,3,3,3,3,3,3
전세,산정동,산정1길,1,1,1,1,1,1,1,1,1,1
전세,산정동,산정2길,1,1,1,1,1,1,1,1,1,1
전세,산정동,아중천2길,5,5,5,5,5,5,5,5,5,5
전세,송천동1가,두간5길,2,2,2,2,2,2,2,2,2,2
전세,송천동1가,사근1길,2,2,2,2,2,2,2,2,2,2
전세,송천동1가,솔내1길,26,26,26,26,26,26,26,26,26,26
전세,송천동1가,솔내2길,10,10,10,10,10,10,10,10,10,10
전세,송천동1가,솔내3길,1,1,1,1,1,1,1,1,1,1
전세,송천동1가,솔내4길,1,1,1,1,1,1,1,1,1,1
전세,송천동1가,솔내5길,3,3,3,3,3,3,3,3,3,3
전세,송천동1가,솔내6길,12,12,12,12,12,12,12,12,10,12
전세,송천동1가,솔내7길,5,5,5,5,5,5,5,5,5,5
전세,송천동1가,솔내8길,7,7,7,7,7,7,7,7,6,7
전세,송천동1가,솔내9길,9,9,9,9,9,9,9,9,9,9
전세,송천동1가,솔내로,3,3,3,3,3,3,3,3,3,3
전세,송천동1가,송천1길,2,2,2,2,2,2,2,2,2,2
전세,송천동1가,송천2길,2,2,2,2,2,2,2,2,2,2
전세,송천동1가,송천3길,16,16,16,16,16,16,16,16,15,16
전세,송천동1가,송천4길,6,6,6,6,6,6,6,6,5,6
전세,송천동1가,송천로,19,19,19,19,19,19,19,19,18,19
전세,송천동1가,시천로,7,7,7,7,7,7,7,7,6,7
전세,송천동1가,오송1길,1,1,1,1,1,1,1,1,1,1
전세,송천동1가,용소로,3,3,3,3,3,3,3,3,1,3
전세,송천동1가,천마산로,1,1,1,1,1,1,1,1,1,1
전세,송천동2가,고내천변로,1,1,1,1,1,1,1,1,1,1
전세,송천동2가,동부대로,11,11,11,11,11,11,11,11,10,11
전세,송천동2가,붓내1길,3,3,3,3,3,3,3,3,2,3
전세,송천동2가,붓내2길,4,4,4,4,4,4,4,4,4,4
전세,송천동2가,붓내3길,7,7,7,7,7,7,7,7,7,7
전세,송천동2가,붓내4길,6,6,6,6,6,6,6,6,5,6
전세,송천동2가,붓내5길,15,15,15,15,15,15,15,15,15,15
전세,송천동2가,사근1길,9,9,9,9,9,9,9,9,9,9
전세,송천동2가,와룡1길,3,3,3,3,3,3,3,3,3,3
전세,송천동2가,천마산로,10,10,10,10,10,10,10,10,9,10
전세,여의동,기린대로,4,4,4,4,4,4,4,4,3,4
전세,여의동,여암1길,1,1,1,1,1,1,1,1,1,1
전세,여의동2가,덕용1길,11,11,11,11,11,11,11,11,9,11
전세,여의동2가,덕용2길,2,2,2,2,2,2,2,2,1,2
전세,여의동2가,덕용4길,3,3,3,3,3,3,3,3,3,3
전세,여의동2가,쪽구름1길,1,1,1,1,1,1,1,1,1,1
전세,여의동2가,쪽구름3길,1,1,1,1,1,1,1,1,0,1
전세,여의동2가,쪽구름5길,5,5,5,5,5,5,5,5,5,5
전세,여의동2가,쪽구름로,4,4,4,4,4,4,4,4,2,4
전세,여의동2가,편운로,1,1,1,1,1,1,1,1,1,1
전세,우아동1가,인교2길,1,1,1,1,1,1,1,1,1,1
전세,우아동1가,인교3길,5,5,5,5,5,5,5,5,5,5
전세,우아동1가,인교4길,6,6,6,6,6,6,6,6,5,6
전세,우아동1가,인교5길,10,10,10,10,10,10,10,10,9,10
전세,우아동1가,인교6길,5,5,5,5,5,5,5,5,3,5
전세,우아동1가,인교7길,7,7,7,7,7,7,7,7,4,7
전세,우아동1가,인교8길,3,3,3,3,3,3,3,3,3,3
전세,우아동1가,인교9길,7,7,7,7,7,7,7,7,7,7
전세,우아동1가,인교로,28,28,28,28,28,28,28,28,26,28
전세,우아동1가,한배미로,1,1,1,1,1,1,1,1,1,1
전세,우아동2가,건산로,1,1,1,1,1,1,1,1,0,1
전세,우아동2가,석소1길,2,2,2,2,2,2,2,2,1,2
전세,우아동2가,석소2길,9,9,9,9,9,9,9,9,6,9
전세,우아동2가,석소3길,5,5,5,5,5,5,5,5,4,5
전세,우아동2가,석소4길,5,5,5,5,5,5,5,5,5,5
전세,우아동2가,석소5길,6,6,6,6,6,6,6,6,6,6
전세,우아동2가,석소로,2,2,2,2,2,2,2,2,0,2
전세,우아동2가,아중1길,3,3,3,3,3,3,3,3,2,3
전세,우아동2가,아중2길,1,1,1,1,1,1,1,1,1,1
전세,우아동2가,아중3길,8,8,8,8,8,8,8,8,5,8
전세,우아동2가,아중6길,5,5,5,5,5,5,5,5,2,5
전세,우아동2가,아중7길,7,7,7,7,7,7,7,7,6,7
전세,우아동2가,아중로,1,1,1,1,1,1,1,1,1,1
전세,우아동2가,아중중앙로,3,3,3,3,3,3,3,3,3,3
전세,우아동2가,정언신로,2,2,2,2,2,2,2,2,2,2
전세,우아동2가,중상보로,7,7,7,7,7,7,7,7,6,7
전세,우아동2가,진버들6길,10,10,10,10,10,10,10,10,8,10
전세,우아동3가,견훤로,1,1,1,1,1,1,1,1,1,1
전세,우아동3가,도당산1길,2,2,2,2,2,2,2,2,0,2
전세,우아동3가,도당산2길,1,1,1,1,1,1,1,1,1,1
전세,우아동3가,도당산4길,8,8,8,8,8,8,8,8,6,8
전세,우아동3가,도당산로,4,4,4,4,4,4,4,4,3,4
전세,우아동3가,동부대로,2,2,2,2,2,2,2,2,1,2
전세,우아동3가,신기1길,2,2,2,2,2,2,2,2,2,2
전세,우아동3가,안골5길,3,3,3,3,3,3,3,3,2,3
전세,우아동3가,안골6길,3,3,3,3,3,3,3,3,0,3
전세,우아동3가,안덕원1길,3,3,3,3,3,3,3,3,3,3
전세,우아동3가,안덕원2길,2,2,2,2,2,2,2,2,2,2
전세,우아동3가,안덕원3길,1,1,1,1,1,1,1,1,0,1
전세,우아동3가,우아10길,9,9,9,9,9,9,9,9,9,9
전세,우아동3가,우아1길,4,4,4,4,4,4,4,4,0,4
전세,우아동3가,우아2길,3,3,3,3,3,3,3,3,1,3
전세,우아동3가,우아3길,8,8,8,8,8,8,8,8,7,8
전세,우아동3가,우아5길,1,1,1,1,1,1,1,1,1,1
전세,우아동3가,우아6길,1,1,1,1,1,1,1,1,0,1
전세,우아동3가,우아7길,6,6,6,6,6,6,6,6,5,6
전세,우아동3가,진버들1길,2,2,2,2,2,2,2,2,2,2
전세,인후동1가,가재미1길,10,10,10,10,10,10,10,10,9,10
전세,인후동1가,가재미2길,4,4,4,4,4,4,4,4,4,4
전세,인후동1가,가재미3길,5,5,5,5,5,5,5,5,4,5
전세,인후동1가,가재미4길,9,9,9,9,9,9,9,9,8,9
전세,인후동1가,가재미5길,5,5,5,5,5,5,5,5,4,5
전세,인후동1가,가재미6길,5,5,5,5,5,5,5,5,4,5
전세,인후동1가,가재미로,18,18,18,18,18,18,18,18,17,18
전세,인후동1가,건산로,2,2,2,2,2,2,2,2,2,2
전세,인후동1가,견훤로,3,3,3,3,3,3,3,3,3,3
전세,인후동1가,견훤왕궁로,1,1,1,1,1,1,1,1,1,1
전세,인후동1가,구총목로,1,1,1,1,1,1,1,1,1,1
전세,인후동1가,동가재미1길,10,10,10,10,10,10,10,10,10,10
전세,인후동1가,동가재미2길,6,6,6,6,6,6,6,6,3,6
전세,인후동1가,동가재미3길,5,5,5,5,5,5,5,5,4,5
전세,인후동1가,무삼지1길,2,2,2,2,2,2,2,2,2,2
전세,인후동1가,무삼지2길,5,5,5,5,5,5,5,5,5,5
전세,인후동1가,무삼지3길,19,19,19,19,19,19,19,19,14,19
전세,인후동1가,무삼지4길,2,2,2,2,2,2,2,2,2,2
전세,인후동1가,무삼지5길,7,7,7,7,7,7,7,7,7,7
전세,인후동1가,무삼지6길,1,1,1,1,1,1,1,1,1,1
전세,인후동1가,무삼지로,1,1,1,1,1,1,1,1,0,1
전세,인후동1가,물왕멀로,5,5,5,5,5,5,5,5,5,5
전세,인후동1가,반태산3길,10,10,10,10,10,10,10,10,10,10
전세,인후동1가,반태산6길,3,3,3,3,3,3,3,3,2,3
전세,인후동1가,서가재미1길,14,14,14,14,14,14,14,14,11,14
전세,인후동1가,서가재미2길,11,11,11,11,11,11,11,11,9,11
전세,인후동1가,서가재미3길,16,16,16,16,16,16,16,16,12,16
전세,인후동1가,석소로,6,6,6,6,6,6,6,6,5,6
전세,인후동1가,심방죽1길,2,2,2,2,2,2,2,2,2,2
전세,인후동1가,심방죽2길,1,1,1,1,1,1,1,1,0,1
전세,인후동1가,심방죽로,2,2,2,2,2,2,2,2,1,2
전세,인후동1가,아중로,1,1,1,1,1,1,1,1,0,1
전세,인후동1가,안골1길,4,4,4,4,4,4,4,4,2,4
전세,인후동1가,안골2길,8,8,8,8,8,8,8,8,8,8
전세,인후동1가,안골3길,2,2,2,2,2,2,2,2,2,2
전세,인후동1가,안골4길,1,1,1,1,1,1,1,1,1,1
전세,인후동1가,안덕원로,2,2,2,2,2,2,2,2,2,2
전세,인후동1가,인봉3길,4,4,4,4,4,4,4,4,4,4
전세,인후동1가,인봉남로,5,5,5,5,5,5,5,5,5,5
전세,인후동1가,인봉로,1,1,1,1,1,1,1,1,0,1
전세,인후동1가,인봉북로,1,1,1,1,1,1,1,1,1,1
전세,인후동1가,인후2길,19,19,19,19,19,19,19,19,19,19
전세,인후동1가,인후4길,1,1,1,1,1,1,1,1,1,1
전세,인후동1가,인후5길,3,3,3,3,3,3,3,3,3,3
전세,인후동1가,인후6길,1,1,1,1,1,1,1,1,1,1
전세,인후동1가,작은모래내4길,1,1,1,1,1,1,1,1,1,1
전세,인후동1가,정언신로,9,9,9,9,9,9,9,9,8,9
전세,인후동1가,진버들1길,5,5,5,5,5,5,5,5,3,5
전세,인후동1가,팽나무1길,1,1,1,1,1,1,1,1,1,1
전세,인후동1가,팽나무2길,1,1,1,1,1,1,1,1,1,1
전세,인후동1가,팽나무3길,9,9,9,9,9,9,9,9,5,9
전세,인후동1가,팽나무4길,7,7,7,7,7,7,7,7,5,7
전세,인후동1가,팽나무5길,3,3,3,3,3,3,3,3,3,3
전세,인후동1가,팽나무6길,9,9,9,9,9,9,9,9,1,9
전세,인후동1가,한배미1길,26,26,26,26,26,26,26,26,20,26
전세,인후동1가,한배미2길,2,2,2,2,2,2,2,2,2,2
전세,인후동1가,한배미3길,11,11,11,11,11,11,11,11,10,11
전세,인후동1가,한배미4길,20,20,20,20,20,20,20,20,14,20
전세,인후동1가,한배미5길,18,18,18,18,18,18,18,18,15,18
전세,인후동1가,한배미6길,2,2,2,2,2,2,2,2,2,2
전세,인후동2가,거북바우로,2,2,2,2,2,2,2,2,1,2
전세,인후동2가,건산로,1,1,1,1,1,1,1,1,0,1
전세,인후동2가,건지3길,3,3,3,3,3,3,3,3,3,3
전세,인후동2가,건지4길,3,3,3,3,3,3,3,3,3,3
전세,인후동2가,명주1길,9,9,9,9,9,9,9,9,8,9
전세,인후동2가,명주2길,5,5,5,5,5,5,5,5,5,5
전세,인후동2가,명주3길,3,3,3,3,3,3,3,3,3,3
전세,인후동2가,명주5길,2,2,2,2,2,2,2,2,1,2
전세,인후동2가,명주6길,3,3,3,3,3,3,3,3,3,3
전세,인후동2가,모래내6길,2,2,2,2,2,2,2,2,2,2
전세,인후동2가,백동1길,4,4,4,4,4,4,4,4,4,4
전세,인후동2가,백동3길,1,1,1,1,1,1,1,1,1,1
전세,인후동2가,백동6길,2,2,2,2,2,2,2,2,2,2
전세,인후동2가,백동로,1,1,1,1,1,1,1,1,1,1
전세,인후동2가,심방죽3길,2,2,2,2,2,2,2,2,2,2
전세,인후동2가,심방죽로,1,1,1,1,1,1,1,1,1,1
전세,중동,오정1길,3,3,3,3,3,3,3,3,3,3
전세,중동,오정2길,1,1,1,1,1,1,1,1,1,1
전세,진북동,건산1길,2,2,2,2,2,2,2,2,2,2
전세,진북동,건산2길,1,1,1,1,1,1,1,1,0,1
전세,진북동,건산3길,1,1,1,1,1,1,1,1,1,1
전세,진북동,건산4길,1,1,1,1,1,1,1,1,0,1
전세,진북동,건산로,2,2,2,2,2,2,2,2,2,2
전세,진북동,공북1길,5,5,5,5,5,5,5,5,5,5
전세,진북동,권삼득로,2,2,2,2,2,2,2,2,2,2
전세,진북동,반촌5길,1,1,1,1,1,1,1,1,1,1
전세,진북동,반촌8길,2,2,2,2,2,2,2,2,2,2
전세,진북동,반촌9길,2,2,2,2,2,2,2,2,1,2
전세,진북동,반촌로,2,2,2,2,2,2,2,2,1,2
전세,진북동,벚꽃1길,1,1,1,1,1,1,1,1,1,1
전세,진북동,벚꽃2길,1,1,1,1,1,1,1,1,1,1
전세,진북동,벚꽃3길,2,2,2,2,2,2,2,2,2,2
전세,진북동,벚꽃4길,2,2,2,2,2,2,2,2,2,2
전세,진북동,벚꽃로,1,1,1,1,1,1,1,1,1,1
전세,진북동,숲정이1길,8,8,8,8,8,8,8,8,7,8
전세,진북동,숲정이2길,7,7,7,7,7,7,7,7,7,7
전세,진북동,숲정이3길,3,3,3,3,3,3,3,3,2,3
전세,진북동,숲정이4길,1,1,1,1,1,1,1,1,1,1
전세,진북동,어은골3길,1,1,1,1,1,1,1,1,1,1
전세,진북동,진북3길,3,3,3,3,3,3,3,3,3,3
전세,진북동,태진로,1,1,1,1,1,1,1,1,1,1
전세,진북동,팔달로,5,5,5,5,5,5,5,5,4,5
전세,팔복동1가,신복1길,17,17,17,17,17,17,17,17,17,17
전세,팔복동1가,신복2길,19,19,19,19,19,19,19,19,18,19
전세,팔복동1가,신복6길,1,1,1,1,1,1,1,1,0,1
전세,팔복동1가,신복천변2길,2,2,2,2,2,2,2,2,2,2
전세,팔복동2가,상리로,1,1,1,1,1,1,1,1,0,1
전세,팔복동2가,추천1길,5,5,5,5,5,5,5,5,5,5
전세,팔복동2가,팔복7길,1,1,1,1,1,1,1,1,1,1
전세,팔복동3가,덕촌길,1,1,1,1,1,1,1,1,0,1
전세,팔복동4가,신복로,1,1,1,1,1,1,1,1,1,1
전세,호성동1가,호성2길,2,2,2,2,2,2,2,2,0,2
전세,호성동1가,호성3길,2,2,2,2,2,2,2,2,2,2
